/*
SQLyog Ultimate v8.4 
MySQL - 5.6.26 : Database - branishop
*********************************************************************
*/

/*!40101 SET NAMES utf8 */;

/*!40101 SET SQL_MODE=''*/;

/*!40014 SET @OLD_UNIQUE_CHECKS=@@UNIQUE_CHECKS, UNIQUE_CHECKS=0 */;
/*!40014 SET @OLD_FOREIGN_KEY_CHECKS=@@FOREIGN_KEY_CHECKS, FOREIGN_KEY_CHECKS=0 */;
/*!40101 SET @OLD_SQL_MODE=@@SQL_MODE, SQL_MODE='NO_AUTO_VALUE_ON_ZERO' */;
/*!40111 SET @OLD_SQL_NOTES=@@SQL_NOTES, SQL_NOTES=0 */;
CREATE DATABASE /*!32312 IF NOT EXISTS*/`branishop` /*!40100 DEFAULT CHARACTER SET latin1 */;

USE `branishop`;

/*Table structure for table `banner` */

DROP TABLE IF EXISTS `banner`;

CREATE TABLE `banner` (
  `banner_id` int(10) NOT NULL AUTO_INCREMENT,
  `banner` varchar(100) NOT NULL,
  `gambar` varchar(150) NOT NULL,
  `link` varchar(500) NOT NULL,
  `status` enum('on','off') NOT NULL,
  PRIMARY KEY (`banner_id`)
) ENGINE=InnoDB AUTO_INCREMENT=3 DEFAULT CHARSET=latin1;

/*Data for the table `banner` */

insert  into `banner`(`banner_id`,`banner`,`gambar`,`link`,`status`) values (1,'Apple Iphone 6','banner1.png','index.php?page=detail&barang_id=5','on'),(2,'Samsung A3 A300H','banner2.png','index.php?page=detail&barang_id=6','on');

/*Table structure for table `barang` */

DROP TABLE IF EXISTS `barang`;

CREATE TABLE `barang` (
  `barang_id` int(10) NOT NULL AUTO_INCREMENT,
  `kategori_id` int(10) NOT NULL,
  `nama_barang` varchar(250) NOT NULL,
  `spesifikasi` text NOT NULL,
  `gambar` varchar(300) NOT NULL,
  `harga` int(10) NOT NULL,
  `stok` tinyint(1) NOT NULL,
  `status` enum('on','off') NOT NULL,
  PRIMARY KEY (`barang_id`),
  KEY `kategori_id` (`kategori_id`),
  CONSTRAINT `barang_ibfk_1` FOREIGN KEY (`kategori_id`) REFERENCES `kategori` (`kategori_id`) ON DELETE CASCADE ON UPDATE CASCADE
) ENGINE=InnoDB AUTO_INCREMENT=16 DEFAULT CHARSET=latin1;

/*Data for the table `barang` */

insert  into `barang`(`barang_id`,`kategori_id`,`nama_barang`,`spesifikasi`,`gambar`,`harga`,`stok`,`status`) values (1,1,'Galaxy Note 3','Layar 5.7\", 16GB Memori <p>Lorem ipsum dolor sit amet, consectetur adipiscing elit. Nam venenatis aliquam sagittis. Aliquam tristique neque elit, at ullamcorper ante sollicitudin quis. Fusce dictum sollicitudin aliquam. Aenean ut mi pretium, porta leo eget, consectetur nulla. Cras ut turpis ullamcorper, pharetra mi interdum, varius velit. Donec sagittis urna et dolor fringilla, fringilla hendrerit sapien vulputate. Nulla vel commodo leo. Ut sit amet eleifend nisl, vitae dictum tortor. Praesent ac vestibulum erat. Sed nec ligula vitae dui ornare vulputate. Vestibulum ante sem, elementum nec vestibulum in, pretium vitae arcu. Aenean ultricies commodo bibendum. Proin tempus, erat eget euismod luctus, lorem sapien laoreet ipsum, ut scelerisque ante mi non erat. Integer efficitur semper massa.</p>\n\n<p>Class aptent taciti sociosqu ad litora torquent per conubia nostra, per inceptos himenaeos. Fusce eget feugiat felis. Donec aliquam odio arcu, ac sollicitudin nisi volutpat vitae. Nulla facilisi. Nam ex leo, molestie nec augue id, rutrum cursus enim. Nullam tempus iaculis velit. Praesent feugiat velit faucibus magna tristique sollicitudin. Mauris eu lectus velit. Phasellus sagittis diam velit, a hendrerit risus euismod at. Nullam at dignissim massa, vitae facilisis eros. Lorem ipsum dolor sit amet, consectetur adipiscing elit. In gravida sagittis hendrerit. Cras id arcu ornare sem feugiat malesuada quis auctor orci. Curabitur euismod finibus sagittis.\n</p>','samsung-galaxy-note-3.png',7800000,9,'on'),(2,1,'lenovo A7000 Dual SIM','Layar 5.5\", 8GB Memori <p>Lorem ipsum dolor sit amet, consectetur adipiscing elit. Nam venenatis aliquam sagittis. Aliquam tristique neque elit, at ullamcorper ante sollicitudin quis. Fusce dictum sollicitudin aliquam. Aenean ut mi pretium, porta leo eget, consectetur nulla. Cras ut turpis ullamcorper, pharetra mi interdum, varius velit. Donec sagittis urna et dolor fringilla, fringilla hendrerit sapien vulputate. Nulla vel commodo leo. Ut sit amet eleifend nisl, vitae dictum tortor. Praesent ac vestibulum erat. Sed nec ligula vitae dui ornare vulputate. Vestibulum ante sem, elementum nec vestibulum in, pretium vitae arcu. Aenean ultricies commodo bibendum. Proin tempus, erat eget euismod luctus, lorem sapien laoreet ipsum, ut scelerisque ante mi non erat. Integer efficitur semper massa.</p>\n\n<p>Class aptent taciti sociosqu ad litora torquent per conubia nostra, per inceptos himenaeos. Fusce eget feugiat felis. Donec aliquam odio arcu, ac sollicitudin nisi volutpat vitae. Nulla facilisi. Nam ex leo, molestie nec augue id, rutrum cursus enim. Nullam tempus iaculis velit. Praesent feugiat velit faucibus magna tristique sollicitudin. Mauris eu lectus velit. Phasellus sagittis diam velit, a hendrerit risus euismod at. Nullam at dignissim massa, vitae facilisis eros. Lorem ipsum dolor sit amet, consectetur adipiscing elit. In gravida sagittis hendrerit. Cras id arcu ornare sem feugiat malesuada quis auctor orci. Curabitur euismod finibus sagittis.\n</p>','Lenovo-A7000.png',2200000,10,'on'),(3,1,'Mi 4i','Layar 5\", 16GB Memori <p>Lorem ipsum dolor sit amet, consectetur adipiscing elit. Nam venenatis aliquam sagittis. Aliquam tristique neque elit, at ullamcorper ante sollicitudin quis. Fusce dictum sollicitudin aliquam. Aenean ut mi pretium, porta leo eget, consectetur nulla. Cras ut turpis ullamcorper, pharetra mi interdum, varius velit. Donec sagittis urna et dolor fringilla, fringilla hendrerit sapien vulputate. Nulla vel commodo leo. Ut sit amet eleifend nisl, vitae dictum tortor. Praesent ac vestibulum erat. Sed nec ligula vitae dui ornare vulputate. Vestibulum ante sem, elementum nec vestibulum in, pretium vitae arcu. Aenean ultricies commodo bibendum. Proin tempus, erat eget euismod luctus, lorem sapien laoreet ipsum, ut scelerisque ante mi non erat. Integer efficitur semper massa.</p>\r\n\r\n<p>Class aptent taciti sociosqu ad litora torquent per conubia nostra, per inceptos himenaeos. Fusce eget feugiat felis. Donec aliquam odio arcu, ac sollicitudin nisi volutpat vitae. Nulla facilisi. Nam ex leo, molestie nec augue id, rutrum cursus enim. Nullam tempus iaculis velit. Praesent feugiat velit faucibus magna tristique sollicitudin. Mauris eu lectus velit. Phasellus sagittis diam velit, a hendrerit risus euismod at. Nullam at dignissim massa, vitae facilisis eros. Lorem ipsum dolor sit amet, consectetur adipiscing elit. In gravida sagittis hendrerit. Cras id arcu ornare sem feugiat malesuada quis auctor orci. Curabitur euismod finibus sagittis.\r\n</p>','mi-4i.png',2800000,1,'on'),(4,1,'Samsung Grand Prime','Layar 5\", 8GB Memori <p>Lorem ipsum dolor sit amet, consectetur adipiscing elit. Nam venenatis aliquam sagittis. Aliquam tristique neque elit, at ullamcorper ante sollicitudin quis. Fusce dictum sollicitudin aliquam. Aenean ut mi pretium, porta leo eget, consectetur nulla. Cras ut turpis ullamcorper, pharetra mi interdum, varius velit. Donec sagittis urna et dolor fringilla, fringilla hendrerit sapien vulputate. Nulla vel commodo leo. Ut sit amet eleifend nisl, vitae dictum tortor. Praesent ac vestibulum erat. Sed nec ligula vitae dui ornare vulputate. Vestibulum ante sem, elementum nec vestibulum in, pretium vitae arcu. Aenean ultricies commodo bibendum. Proin tempus, erat eget euismod luctus, lorem sapien laoreet ipsum, ut scelerisque ante mi non erat. Integer efficitur semper massa.</p>\n\n<p>Class aptent taciti sociosqu ad litora torquent per conubia nostra, per inceptos himenaeos. Fusce eget feugiat felis. Donec aliquam odio arcu, ac sollicitudin nisi volutpat vitae. Nulla facilisi. Nam ex leo, molestie nec augue id, rutrum cursus enim. Nullam tempus iaculis velit. Praesent feugiat velit faucibus magna tristique sollicitudin. Mauris eu lectus velit. Phasellus sagittis diam velit, a hendrerit risus euismod at. Nullam at dignissim massa, vitae facilisis eros. Lorem ipsum dolor sit amet, consectetur adipiscing elit. In gravida sagittis hendrerit. Cras id arcu ornare sem feugiat malesuada quis auctor orci. Curabitur euismod finibus sagittis.\n</p>','samsung-galaxy-grand-prime.png',2250000,10,'on'),(5,1,'Apple iPhone 6','<p>Layar 4,7&quot;, 128GB Memori</p><p>Lorem ipsum dolor sit amet, consectetur adipiscing elit. Nam venenatis aliquam sagittis. Aliquam tristique neque elit, at ullamcorper ante sollicitudin quis. Fusce dictum sollicitudin aliquam. Aenean ut mi pretium, porta leo eget, consectetur nulla. Cras ut turpis ullamcorper, pharetra mi interdum, varius velit. Donec sagittis urna et dolor fringilla, fringilla hendrerit sapien vulputate. Nulla vel commodo leo. Ut sit amet eleifend nisl, vitae dictum tortor. Praesent ac vestibulum erat. Sed nec ligula vitae dui ornare vulputate. Vestibulum ante sem, elementum nec vestibulum in, pretium vitae arcu. Aenean ultricies commodo bibendum. Proin tempus, erat eget euismod luctus, lorem sapien laoreet ipsum, ut scelerisque ante mi non erat. Integer efficitur semper massa.</p><p>Class aptent taciti sociosqu ad litora torquent per conubia nostra, per inceptos himenaeos. Fusce eget feugiat felis. Donec aliquam odio arcu, ac sollicitudin nisi volutpat vitae. Nulla facilisi. Nam ex leo, molestie nec augue id, rutrum cursus enim. Nullam tempus iaculis velit. Praesent feugiat velit faucibus magna tristique sollicitudin. Mauris eu lectus velit. Phasellus sagittis diam velit, a hendrerit risus euismod at. Nullam at dignissim massa, vitae facilisis eros. Lorem ipsum dolor sit amet, consectetur adipiscing elit. In gravida sagittis hendrerit. Cras id arcu ornare sem feugiat malesuada quis auctor orci. Curabitur euismod finibus sagittis.</p>','iphone-6-silver.png',12700000,2,'on'),(6,1,'Samsung A3 A300H','Layar 4.5\", 16GB Memori <p>Lorem ipsum dolor sit amet, consectetur adipiscing elit. Nam venenatis aliquam sagittis. Aliquam tristique neque elit, at ullamcorper ante sollicitudin quis. Fusce dictum sollicitudin aliquam. Aenean ut mi pretium, porta leo eget, consectetur nulla. Cras ut turpis ullamcorper, pharetra mi interdum, varius velit. Donec sagittis urna et dolor fringilla, fringilla hendrerit sapien vulputate. Nulla vel commodo leo. Ut sit amet eleifend nisl, vitae dictum tortor. Praesent ac vestibulum erat. Sed nec ligula vitae dui ornare vulputate. Vestibulum ante sem, elementum nec vestibulum in, pretium vitae arcu. Aenean ultricies commodo bibendum. Proin tempus, erat eget euismod luctus, lorem sapien laoreet ipsum, ut scelerisque ante mi non erat. Integer efficitur semper massa.</p>\n\n<p>Class aptent taciti sociosqu ad litora torquent per conubia nostra, per inceptos himenaeos. Fusce eget feugiat felis. Donec aliquam odio arcu, ac sollicitudin nisi volutpat vitae. Nulla facilisi. Nam ex leo, molestie nec augue id, rutrum cursus enim. Nullam tempus iaculis velit. Praesent feugiat velit faucibus magna tristique sollicitudin. Mauris eu lectus velit. Phasellus sagittis diam velit, a hendrerit risus euismod at. Nullam at dignissim massa, vitae facilisis eros. Lorem ipsum dolor sit amet, consectetur adipiscing elit. In gravida sagittis hendrerit. Cras id arcu ornare sem feugiat malesuada quis auctor orci. Curabitur euismod finibus sagittis.\n</p>','Samsung Galaxy-A3.png',2900000,6,'on'),(7,1,'Samsung Galaxy A8','Layar 5.7\", 32GB Memori <p>Lorem ipsum dolor sit amet, consectetur adipiscing elit. Nam venenatis aliquam sagittis. Aliquam tristique neque elit, at ullamcorper ante sollicitudin quis. Fusce dictum sollicitudin aliquam. Aenean ut mi pretium, porta leo eget, consectetur nulla. Cras ut turpis ullamcorper, pharetra mi interdum, varius velit. Donec sagittis urna et dolor fringilla, fringilla hendrerit sapien vulputate. Nulla vel commodo leo. Ut sit amet eleifend nisl, vitae dictum tortor. Praesent ac vestibulum erat. Sed nec ligula vitae dui ornare vulputate. Vestibulum ante sem, elementum nec vestibulum in, pretium vitae arcu. Aenean ultricies commodo bibendum. Proin tempus, erat eget euismod luctus, lorem sapien laoreet ipsum, ut scelerisque ante mi non erat. Integer efficitur semper massa.</p>\n\n<p>Class aptent taciti sociosqu ad litora torquent per conubia nostra, per inceptos himenaeos. Fusce eget feugiat felis. Donec aliquam odio arcu, ac sollicitudin nisi volutpat vitae. Nulla facilisi. Nam ex leo, molestie nec augue id, rutrum cursus enim. Nullam tempus iaculis velit. Praesent feugiat velit faucibus magna tristique sollicitudin. Mauris eu lectus velit. Phasellus sagittis diam velit, a hendrerit risus euismod at. Nullam at dignissim massa, vitae facilisis eros. Lorem ipsum dolor sit amet, consectetur adipiscing elit. In gravida sagittis hendrerit. Cras id arcu ornare sem feugiat malesuada quis auctor orci. Curabitur euismod finibus sagittis.\n</p>','samsung-galaxy-A8.png',6134000,5,'on'),(8,1,'Asus Zenfone C ZC451CG','Layar 4.5\", 8GB Memori <p>Lorem ipsum dolor sit amet, consectetur adipiscing elit. Nam venenatis aliquam sagittis. Aliquam tristique neque elit, at ullamcorper ante sollicitudin quis. Fusce dictum sollicitudin aliquam. Aenean ut mi pretium, porta leo eget, consectetur nulla. Cras ut turpis ullamcorper, pharetra mi interdum, varius velit. Donec sagittis urna et dolor fringilla, fringilla hendrerit sapien vulputate. Nulla vel commodo leo. Ut sit amet eleifend nisl, vitae dictum tortor. Praesent ac vestibulum erat. Sed nec ligula vitae dui ornare vulputate. Vestibulum ante sem, elementum nec vestibulum in, pretium vitae arcu. Aenean ultricies commodo bibendum. Proin tempus, erat eget euismod luctus, lorem sapien laoreet ipsum, ut scelerisque ante mi non erat. Integer efficitur semper massa.</p>\n\n<p>Class aptent taciti sociosqu ad litora torquent per conubia nostra, per inceptos himenaeos. Fusce eget feugiat felis. Donec aliquam odio arcu, ac sollicitudin nisi volutpat vitae. Nulla facilisi. Nam ex leo, molestie nec augue id, rutrum cursus enim. Nullam tempus iaculis velit. Praesent feugiat velit faucibus magna tristique sollicitudin. Mauris eu lectus velit. Phasellus sagittis diam velit, a hendrerit risus euismod at. Nullam at dignissim massa, vitae facilisis eros. Lorem ipsum dolor sit amet, consectetur adipiscing elit. In gravida sagittis hendrerit. Cras id arcu ornare sem feugiat malesuada quis auctor orci. Curabitur euismod finibus sagittis.\n</p>','asus-zenfone.png',1325000,3,'on'),(9,3,'Nikon D5200 Lensa Kit 18-55mm','Layar 3\", 24.1 MP <p>Lorem ipsum dolor sit amet, consectetur adipiscing elit. Nam venenatis aliquam sagittis. Aliquam tristique neque elit, at ullamcorper ante sollicitudin quis. Fusce dictum sollicitudin aliquam. Aenean ut mi pretium, porta leo eget, consectetur nulla. Cras ut turpis ullamcorper, pharetra mi interdum, varius velit. Donec sagittis urna et dolor fringilla, fringilla hendrerit sapien vulputate. Nulla vel commodo leo. Ut sit amet eleifend nisl, vitae dictum tortor. Praesent ac vestibulum erat. Sed nec ligula vitae dui ornare vulputate. Vestibulum ante sem, elementum nec vestibulum in, pretium vitae arcu. Aenean ultricies commodo bibendum. Proin tempus, erat eget euismod luctus, lorem sapien laoreet ipsum, ut scelerisque ante mi non erat. Integer efficitur semper massa.</p>\n\n<p>Class aptent taciti sociosqu ad litora torquent per conubia nostra, per inceptos himenaeos. Fusce eget feugiat felis. Donec aliquam odio arcu, ac sollicitudin nisi volutpat vitae. Nulla facilisi. Nam ex leo, molestie nec augue id, rutrum cursus enim. Nullam tempus iaculis velit. Praesent feugiat velit faucibus magna tristique sollicitudin. Mauris eu lectus velit. Phasellus sagittis diam velit, a hendrerit risus euismod at. Nullam at dignissim massa, vitae facilisis eros. Lorem ipsum dolor sit amet, consectetur adipiscing elit. In gravida sagittis hendrerit. Cras id arcu ornare sem feugiat malesuada quis auctor orci. Curabitur euismod finibus sagittis.\n</p>','nikon-d5200.png',6000000,10,'on'),(10,3,'Nikon D3200 Lensa Kit VR II 18-55mm','Layar 3\", 24.1 MP <p>Lorem ipsum dolor sit amet, consectetur adipiscing elit. Nam venenatis aliquam sagittis. Aliquam tristique neque elit, at ullamcorper ante sollicitudin quis. Fusce dictum sollicitudin aliquam. Aenean ut mi pretium, porta leo eget, consectetur nulla. Cras ut turpis ullamcorper, pharetra mi interdum, varius velit. Donec sagittis urna et dolor fringilla, fringilla hendrerit sapien vulputate. Nulla vel commodo leo. Ut sit amet eleifend nisl, vitae dictum tortor. Praesent ac vestibulum erat. Sed nec ligula vitae dui ornare vulputate. Vestibulum ante sem, elementum nec vestibulum in, pretium vitae arcu. Aenean ultricies commodo bibendum. Proin tempus, erat eget euismod luctus, lorem sapien laoreet ipsum, ut scelerisque ante mi non erat. Integer efficitur semper massa.</p>\n\n<p>Class aptent taciti sociosqu ad litora torquent per conubia nostra, per inceptos himenaeos. Fusce eget feugiat felis. Donec aliquam odio arcu, ac sollicitudin nisi volutpat vitae. Nulla facilisi. Nam ex leo, molestie nec augue id, rutrum cursus enim. Nullam tempus iaculis velit. Praesent feugiat velit faucibus magna tristique sollicitudin. Mauris eu lectus velit. Phasellus sagittis diam velit, a hendrerit risus euismod at. Nullam at dignissim massa, vitae facilisis eros. Lorem ipsum dolor sit amet, consectetur adipiscing elit. In gravida sagittis hendrerit. Cras id arcu ornare sem feugiat malesuada quis auctor orci. Curabitur euismod finibus sagittis.\n</p>','nikon-d3200.png',4800000,4,'on'),(11,3,'Canon Eos 750D Kit 18-55mm IS STM','Layar 3\", 24 MP <p>Lorem ipsum dolor sit amet, consectetur adipiscing elit. Nam venenatis aliquam sagittis. Aliquam tristique neque elit, at ullamcorper ante sollicitudin quis. Fusce dictum sollicitudin aliquam. Aenean ut mi pretium, porta leo eget, consectetur nulla. Cras ut turpis ullamcorper, pharetra mi interdum, varius velit. Donec sagittis urna et dolor fringilla, fringilla hendrerit sapien vulputate. Nulla vel commodo leo. Ut sit amet eleifend nisl, vitae dictum tortor. Praesent ac vestibulum erat. Sed nec ligula vitae dui ornare vulputate. Vestibulum ante sem, elementum nec vestibulum in, pretium vitae arcu. Aenean ultricies commodo bibendum. Proin tempus, erat eget euismod luctus, lorem sapien laoreet ipsum, ut scelerisque ante mi non erat. Integer efficitur semper massa.</p>\n\n<p>Class aptent taciti sociosqu ad litora torquent per conubia nostra, per inceptos himenaeos. Fusce eget feugiat felis. Donec aliquam odio arcu, ac sollicitudin nisi volutpat vitae. Nulla facilisi. Nam ex leo, molestie nec augue id, rutrum cursus enim. Nullam tempus iaculis velit. Praesent feugiat velit faucibus magna tristique sollicitudin. Mauris eu lectus velit. Phasellus sagittis diam velit, a hendrerit risus euismod at. Nullam at dignissim massa, vitae facilisis eros. Lorem ipsum dolor sit amet, consectetur adipiscing elit. In gravida sagittis hendrerit. Cras id arcu ornare sem feugiat malesuada quis auctor orci. Curabitur euismod finibus sagittis.\n</p>','canon-eos-750d.png',10100000,2,'on'),(12,3,'Canon EOS 700D 18.0 MP 18-55mm IS STM','Layar 3\", 18 MP <p>Lorem ipsum dolor sit amet, consectetur adipiscing elit. Nam venenatis aliquam sagittis. Aliquam tristique neque elit, at ullamcorper ante sollicitudin quis. Fusce dictum sollicitudin aliquam. Aenean ut mi pretium, porta leo eget, consectetur nulla. Cras ut turpis ullamcorper, pharetra mi interdum, varius velit. Donec sagittis urna et dolor fringilla, fringilla hendrerit sapien vulputate. Nulla vel commodo leo. Ut sit amet eleifend nisl, vitae dictum tortor. Praesent ac vestibulum erat. Sed nec ligula vitae dui ornare vulputate. Vestibulum ante sem, elementum nec vestibulum in, pretium vitae arcu. Aenean ultricies commodo bibendum. Proin tempus, erat eget euismod luctus, lorem sapien laoreet ipsum, ut scelerisque ante mi non erat. Integer efficitur semper massa.</p>\n\n<p>Class aptent taciti sociosqu ad litora torquent per conubia nostra, per inceptos himenaeos. Fusce eget feugiat felis. Donec aliquam odio arcu, ac sollicitudin nisi volutpat vitae. Nulla facilisi. Nam ex leo, molestie nec augue id, rutrum cursus enim. Nullam tempus iaculis velit. Praesent feugiat velit faucibus magna tristique sollicitudin. Mauris eu lectus velit. Phasellus sagittis diam velit, a hendrerit risus euismod at. Nullam at dignissim massa, vitae facilisis eros. Lorem ipsum dolor sit amet, consectetur adipiscing elit. In gravida sagittis hendrerit. Cras id arcu ornare sem feugiat malesuada quis auctor orci. Curabitur euismod finibus sagittis.\n</p>','canon-eos-700d.png',7250000,9,'on'),(13,2,'LG 32\" LED TV - 32LF550A','Layar 32\", Triple XD Engine <p>Lorem ipsum dolor sit amet, consectetur adipiscing elit. Nam venenatis aliquam sagittis. Aliquam tristique neque elit, at ullamcorper ante sollicitudin quis. Fusce dictum sollicitudin aliquam. Aenean ut mi pretium, porta leo eget, consectetur nulla. Cras ut turpis ullamcorper, pharetra mi interdum, varius velit. Donec sagittis urna et dolor fringilla, fringilla hendrerit sapien vulputate. Nulla vel commodo leo. Ut sit amet eleifend nisl, vitae dictum tortor. Praesent ac vestibulum erat. Sed nec ligula vitae dui ornare vulputate. Vestibulum ante sem, elementum nec vestibulum in, pretium vitae arcu. Aenean ultricies commodo bibendum. Proin tempus, erat eget euismod luctus, lorem sapien laoreet ipsum, ut scelerisque ante mi non erat. Integer efficitur semper massa.</p>\n\n<p>Class aptent taciti sociosqu ad litora torquent per conubia nostra, per inceptos himenaeos. Fusce eget feugiat felis. Donec aliquam odio arcu, ac sollicitudin nisi volutpat vitae. Nulla facilisi. Nam ex leo, molestie nec augue id, rutrum cursus enim. Nullam tempus iaculis velit. Praesent feugiat velit faucibus magna tristique sollicitudin. Mauris eu lectus velit. Phasellus sagittis diam velit, a hendrerit risus euismod at. Nullam at dignissim massa, vitae facilisis eros. Lorem ipsum dolor sit amet, consectetur adipiscing elit. In gravida sagittis hendrerit. Cras id arcu ornare sem feugiat malesuada quis auctor orci. Curabitur euismod finibus sagittis.\n</p>','lg-32-led-tv-32LF550A.png',2700000,8,'on'),(14,2,'LG LED TV 32\" - 32LF520A','Layar 32\" <p>Lorem ipsum dolor sit amet, consectetur adipiscing elit. Nam venenatis aliquam sagittis. Aliquam tristique neque elit, at ullamcorper ante sollicitudin quis. Fusce dictum sollicitudin aliquam. Aenean ut mi pretium, porta leo eget, consectetur nulla. Cras ut turpis ullamcorper, pharetra mi interdum, varius velit. Donec sagittis urna et dolor fringilla, fringilla hendrerit sapien vulputate. Nulla vel commodo leo. Ut sit amet eleifend nisl, vitae dictum tortor. Praesent ac vestibulum erat. Sed nec ligula vitae dui ornare vulputate. Vestibulum ante sem, elementum nec vestibulum in, pretium vitae arcu. Aenean ultricies commodo bibendum. Proin tempus, erat eget euismod luctus, lorem sapien laoreet ipsum, ut scelerisque ante mi non erat. Integer efficitur semper massa.</p>\n\n<p>Class aptent taciti sociosqu ad litora torquent per conubia nostra, per inceptos himenaeos. Fusce eget feugiat felis. Donec aliquam odio arcu, ac sollicitudin nisi volutpat vitae. Nulla facilisi. Nam ex leo, molestie nec augue id, rutrum cursus enim. Nullam tempus iaculis velit. Praesent feugiat velit faucibus magna tristique sollicitudin. Mauris eu lectus velit. Phasellus sagittis diam velit, a hendrerit risus euismod at. Nullam at dignissim massa, vitae facilisis eros. Lorem ipsum dolor sit amet, consectetur adipiscing elit. In gravida sagittis hendrerit. Cras id arcu ornare sem feugiat malesuada quis auctor orci. Curabitur euismod finibus sagittis.\n</p>','lg-led-tv32-32LF520A.png',2750000,3,'on'),(15,2,'Sharp 32\" LED LC-32LE265i','Layar 32\" <p>Lorem ipsum dolor sit amet, consectetur adipiscing elit. Nam venenatis aliquam sagittis. Aliquam tristique neque elit, at ullamcorper ante sollicitudin quis. Fusce dictum sollicitudin aliquam. Aenean ut mi pretium, porta leo eget, consectetur nulla. Cras ut turpis ullamcorper, pharetra mi interdum, varius velit. Donec sagittis urna et dolor fringilla, fringilla hendrerit sapien vulputate. Nulla vel commodo leo. Ut sit amet eleifend nisl, vitae dictum tortor. Praesent ac vestibulum erat. Sed nec ligula vitae dui ornare vulputate. Vestibulum ante sem, elementum nec vestibulum in, pretium vitae arcu. Aenean ultricies commodo bibendum. Proin tempus, erat eget euismod luctus, lorem sapien laoreet ipsum, ut scelerisque ante mi non erat. Integer efficitur semper massa.</p>\n\n<p>Class aptent taciti sociosqu ad litora torquent per conubia nostra, per inceptos himenaeos. Fusce eget feugiat felis. Donec aliquam odio arcu, ac sollicitudin nisi volutpat vitae. Nulla facilisi. Nam ex leo, molestie nec augue id, rutrum cursus enim. Nullam tempus iaculis velit. Praesent feugiat velit faucibus magna tristique sollicitudin. Mauris eu lectus velit. Phasellus sagittis diam velit, a hendrerit risus euismod at. Nullam at dignissim massa, vitae facilisis eros. Lorem ipsum dolor sit amet, consectetur adipiscing elit. In gravida sagittis hendrerit. Cras id arcu ornare sem feugiat malesuada quis auctor orci. Curabitur euismod finibus sagittis.\n</p>','sharp-32-led-32LE265i.png',2750000,10,'on');

/*Table structure for table `kategori` */

DROP TABLE IF EXISTS `kategori`;

CREATE TABLE `kategori` (
  `kategori_id` int(10) NOT NULL AUTO_INCREMENT,
  `kategori` varchar(150) NOT NULL,
  `status` enum('on','off') NOT NULL,
  PRIMARY KEY (`kategori_id`)
) ENGINE=InnoDB AUTO_INCREMENT=5 DEFAULT CHARSET=latin1;

/*Data for the table `kategori` */

insert  into `kategori`(`kategori_id`,`kategori`,`status`) values (1,'Smartphone','on'),(2,'Televisi','on'),(3,'Kamera','on'),(4,'Radio','on');

/*Table structure for table `konfirmasi_pembayaran` */

DROP TABLE IF EXISTS `konfirmasi_pembayaran`;

CREATE TABLE `konfirmasi_pembayaran` (
  `konfirmasi_id` int(10) NOT NULL AUTO_INCREMENT,
  `pesanan_id` int(10) NOT NULL,
  `nomor_rekening` varchar(20) NOT NULL,
  `nama_account` varchar(150) NOT NULL,
  `tanggal_transfer` date NOT NULL,
  PRIMARY KEY (`konfirmasi_id`),
  KEY `pesanan_id` (`pesanan_id`),
  CONSTRAINT `konfirmasi_pembayaran_ibfk_1` FOREIGN KEY (`pesanan_id`) REFERENCES `pesanan` (`pesanan_id`) ON DELETE CASCADE ON UPDATE CASCADE
) ENGINE=InnoDB AUTO_INCREMENT=4 DEFAULT CHARSET=latin1;

/*Data for the table `konfirmasi_pembayaran` */

insert  into `konfirmasi_pembayaran`(`konfirmasi_id`,`pesanan_id`,`nomor_rekening`,`nama_account`,`tanggal_transfer`) values (1,2,'0008888','Jeong','2016-06-19'),(2,3,'0008888','Lee','2016-06-19'),(3,4,'0008888','Jeong','2016-06-19');

/*Table structure for table `kota` */

DROP TABLE IF EXISTS `kota`;

CREATE TABLE `kota` (
  `kota_id` int(10) NOT NULL AUTO_INCREMENT,
  `kota` varchar(150) NOT NULL,
  `tarif` int(10) NOT NULL,
  `status` enum('on','off') NOT NULL,
  PRIMARY KEY (`kota_id`)
) ENGINE=InnoDB AUTO_INCREMENT=5 DEFAULT CHARSET=latin1;

/*Data for the table `kota` */

insert  into `kota`(`kota_id`,`kota`,`tarif`,`status`) values (1,'Jakarta',6000,'on'),(2,'Bandung',8000,'on'),(3,'Surabaya',11000,'on'),(4,'Semarang',9000,'on');

/*Table structure for table `pesanan` */

DROP TABLE IF EXISTS `pesanan`;

CREATE TABLE `pesanan` (
  `pesanan_id` int(10) NOT NULL AUTO_INCREMENT,
  `kota_id` int(10) NOT NULL,
  `user_id` int(10) NOT NULL,
  `nama_penerima` varchar(150) NOT NULL,
  `nomor_telepon` varchar(15) NOT NULL,
  `alamat` varchar(300) NOT NULL,
  `tanggal_pemesanan` datetime NOT NULL,
  `status` tinyint(4) NOT NULL,
  PRIMARY KEY (`pesanan_id`),
  KEY `kota_id` (`kota_id`),
  KEY `user_id` (`user_id`),
  CONSTRAINT `pesanan_ibfk_1` FOREIGN KEY (`kota_id`) REFERENCES `kota` (`kota_id`) ON DELETE CASCADE ON UPDATE CASCADE,
  CONSTRAINT `pesanan_ibfk_2` FOREIGN KEY (`user_id`) REFERENCES `user` (`user_id`) ON DELETE CASCADE ON UPDATE CASCADE
) ENGINE=InnoDB AUTO_INCREMENT=5 DEFAULT CHARSET=latin1;

/*Data for the table `pesanan` */

insert  into `pesanan`(`pesanan_id`,`kota_id`,`user_id`,`nama_penerima`,`nomor_telepon`,`alamat`,`tanggal_pemesanan`,`status`) values (2,2,2,'Jeong','00000','Jl. XXXXX','2016-10-08 06:11:24',1),(3,3,6,'Lee','0000','Jl. aaaa','2016-10-08 10:48:45',2),(4,1,6,'Lee','0000','Jl. AAA','2016-10-08 12:01:55',2);

/*Table structure for table `pesanan_detail` */

DROP TABLE IF EXISTS `pesanan_detail`;

CREATE TABLE `pesanan_detail` (
  `pesanan_id` int(10) NOT NULL,
  `barang_id` int(10) NOT NULL,
  `quantity` tinyint(2) NOT NULL,
  `harga` int(10) NOT NULL,
  KEY `pesanan_id` (`pesanan_id`),
  KEY `barang_id` (`barang_id`),
  CONSTRAINT `pesanan_detail_ibfk_1` FOREIGN KEY (`pesanan_id`) REFERENCES `pesanan` (`pesanan_id`) ON DELETE CASCADE ON UPDATE CASCADE,
  CONSTRAINT `pesanan_detail_ibfk_2` FOREIGN KEY (`barang_id`) REFERENCES `barang` (`barang_id`) ON DELETE CASCADE ON UPDATE CASCADE
) ENGINE=InnoDB DEFAULT CHARSET=latin1;

/*Data for the table `pesanan_detail` */

insert  into `pesanan_detail`(`pesanan_id`,`barang_id`,`quantity`,`harga`) values (2,6,1,2900000),(2,5,1,12700000),(3,13,1,2700000),(3,1,1,7800000),(3,11,1,10100000),(4,7,2,6134000),(4,12,1,7250000);

/*Table structure for table `user` */

DROP TABLE IF EXISTS `user`;

CREATE TABLE `user` (
  `user_id` int(10) NOT NULL AUTO_INCREMENT,
  `level` varchar(30) NOT NULL,
  `nama_lengkap` varchar(150) NOT NULL,
  `email` varchar(160) NOT NULL,
  `alamat` varchar(400) NOT NULL,
  `phone` varchar(15) NOT NULL,
  `password` varchar(300) NOT NULL,
  `status` enum('on','off') NOT NULL,
  PRIMARY KEY (`user_id`)
) ENGINE=InnoDB AUTO_INCREMENT=11 DEFAULT CHARSET=latin1;

/*Data for the table `user` */

insert  into `user`(`user_id`,`level`,`nama_lengkap`,`email`,`alamat`,`phone`,`password`,`status`) values (2,'superadmin','admin','admin@weshop.com','jl weshop','08889999','1b3231655cebb7a1f783eddf27d254ca','on'),(6,'customer','customer','customer1@aaa.com','jl.Customer Weshop','088888','5f4dcc3b5aa765d61d8327deb882cf99','on'),(10,'costumer','xxx','admin@shop.com','jl. jalan','0812345322145','827ccb0eea8a706c4c34a16891f84e7b','on');

/*!40101 SET SQL_MODE=@OLD_SQL_MODE */;
/*!40014 SET FOREIGN_KEY_CHECKS=@OLD_FOREIGN_KEY_CHECKS */;
/*!40014 SET UNIQUE_CHECKS=@OLD_UNIQUE_CHECKS */;
/*!40111 SET SQL_NOTES=@OLD_SQL_NOTES */;
